-- phpMyAdmin SQL Dump
-- version 5.2.1-2.fc39
-- https://www.phpmyadmin.net/
--
-- Host: localhost
-- Generation Time: Mar 08, 2024 at 09:22 AM
-- Server version: 10.5.23-MariaDB
-- PHP Version: 8.2.16

SET SQL_MODE = "NO_AUTO_VALUE_ON_ZERO";
START TRANSACTION;
SET time_zone = "+00:00";


/*!40101 SET @OLD_CHARACTER_SET_CLIENT=@@CHARACTER_SET_CLIENT */;
/*!40101 SET @OLD_CHARACTER_SET_RESULTS=@@CHARACTER_SET_RESULTS */;
/*!40101 SET @OLD_COLLATION_CONNECTION=@@COLLATION_CONNECTION */;
/*!40101 SET NAMES utf8mb4 */;

--
-- Database: `friends_tutors`
--

-- --------------------------------------------------------

--
-- Table structure for table `admins`
--

CREATE TABLE `admins` (
  `userid` varchar(20) NOT NULL,
  `username` varchar(50) NOT NULL,
  `email` varchar(50) NOT NULL,
  `password` varchar(255) NOT NULL
) ENGINE=InnoDB DEFAULT CHARSET=utf8 COLLATE=utf8_general_ci;

--
-- Dumping data for table `admins`
--

INSERT INTO `admins` (`userid`, `username`, `email`, `password`) VALUES
('rt_admin1', 'admin1', 'admin1@gmail.com', 'admin123'),
('t7', 't7', 't7@gmail.com', 't7');

-- --------------------------------------------------------

--
-- Table structure for table `class`
--

CREATE TABLE `class` (
  `classid` varchar(10) NOT NULL,
  `termid` varchar(10) NOT NULL,
  `classname` varchar(50) NOT NULL,
  `subjects` varchar(255) NOT NULL
) ENGINE=InnoDB DEFAULT CHARSET=utf8 COLLATE=utf8_general_ci;

--
-- Dumping data for table `class`
--

INSERT INTO `class` (`classid`, `termid`, `classname`, `subjects`) VALUES
('CL00061', 'TERM 1', '6', 'ENGLISH,MATHS,SCIENCE,SOCIAL SCIENCE,TAMIL'),
('Cl00062', 'TERM 2', '6', 'ENGLISH,MATHS,SCIENCE,SOCIAL SCIENCE,TAMIL'),
('CL00063', 'TERM 3', '6', 'ENGLISH,MATHS,SCIENCE,SOCIAL SCIENCE,TAMIL'),
('CL00071', 'TERM 1', '7', 'ENGLISH,MATHS,SCIENCE,SOCIAL SCIENCE,TAMIL'),
('CL00072', 'TERM 2', '7', 'ENGLISH,MATHS,SCIENCE,SOCIAL SCIENCE,TAMIL'),
('CL00073', 'TERM 3', '7', 'ENGLISH,MATHS,SCIENCE,SOCIAL SCIENCE,TAMIL'),
('CL00081', 'TERM 1', '8', 'ENGLISH,MATHS,SCIENCE,SOCIAL SCIENCE,TAMIL'),
('CL00082', 'TERM 2', '8', 'ENGLISH,MATHS,SCIENCE,SOCIAL SCIENCE,TAMIL'),
('CL00083', 'TERM 3', '8', 'ENGLISH,MATHS,SCIENCE,SOCIAL SCIENCE,TAMIL'),
('CL0009', 'NO TERM', '9', 'ENGLISH,MATHS,SCIENCE,SOCIAL SCIENCE,TAMIL'),
('CL0010', 'NO TERM', '10', 'ENGLISH,MATHS,SCIENCE,SOCIAL SCIENCE,TAMIL');

-- --------------------------------------------------------

--
-- Table structure for table `questions`
--

CREATE TABLE `questions` (
  `qid` varchar(50) NOT NULL,
  `classid` varchar(10) NOT NULL,
  `subjectid` varchar(10) NOT NULL,
  `questiontext` varchar(255) NOT NULL,
  `options` varchar(255) NOT NULL,
  `answers` varchar(150) NOT NULL,
  `createdat` timestamp NOT NULL DEFAULT current_timestamp(),
  `updatedat` timestamp NOT NULL DEFAULT current_timestamp() ON UPDATE current_timestamp()
) ENGINE=InnoDB DEFAULT CHARSET=utf8 COLLATE=utf8_general_ci;

--
-- Dumping data for table `questions`
--

INSERT INTO `questions` (`qid`, `classid`, `subjectid`, `questiontext`, `options`, `answers`, `createdat`, `updatedat`) VALUES
('00173375', 'CL00063', 'SUB00TAM', 'எதிர் + ஒலிக்க என்பதைச் சேர்த்து எழுதக் கிடைக்கும் சொல்.', 'எதிரலிக்க,எதிரொலிக்க,எதிர்ஒலிக்க,எதிர்ரொலிக்க', 'எதிரொலிக்க', '2024-03-08 07:14:05', '2024-03-08 07:14:05'),
('00853335', 'CL00061', 'SUB00TAM', 'நுட்பமாகச் சிந்தித்து அறிவது …………..', 'நூலறிவு,நுண்ணறிவு,சிற்றறிவு,பட்டறிவு', 'நுண்ணறிவு', '2024-03-08 05:17:58', '2024-03-08 05:17:58'),
('03605260', 'CL00063', 'SUB00TAM', 'கலைக்கூடமாகக் காட்சி தருவது.', 'சிற்பக்கூடம்,ஓவியக்கூடம்,பள்ளிக்கூடம்,சிறைக்கூடம்', 'சிற்பக்கூடம்', '2024-03-08 07:12:29', '2024-03-08 07:12:29'),
('05132028', 'CL00063', 'SUB00TAM', 'நேர்மையான வாழ்வை வாழ்பவர்.', 'எல்லா உயிர்களிடத்தும் இரக்கம் கொண்டவர்,உயிர்களைத் துன்புறுத்துபவர்,தம்மை மட்டும் காத்துக்கொள்பவர்,தம் குடும்பத்தையே எண்ணி வாழ்பவர்', 'எல்லா உயிர்களிடத்தும் இரக்கம் கொண்டவர்', '2024-03-08 08:02:23', '2024-03-08 08:02:23'),
('07688749', 'Cl00062', 'SUB00TAM', 'பிறரிடம் நான் ………….. பேசுவேன்.', 'கடுஞ்சொல்,இன்சொல்,வன்சொல்,கொடுஞ்செல்', 'இன்சொல்', '2024-03-08 05:29:39', '2024-03-08 05:29:39'),
('07940309', 'Cl00062', 'SUB00TAM', 'இவை + எட்டும் என்பதனைச் சேர்த்து எழுதக் கிடைக்கும் சொல் ……………….', 'இவை எட்டும்,இவையெட்டும்,இவ்வெட்டும்,இவ்எட்டும்', 'இவையெட்டும்', '2024-03-08 05:31:37', '2024-03-08 05:31:37'),
('08289022', 'CL00063', 'SUB00TAM', 'எளிதாகும் என்னும் சொல்லைப் பிரித்து எழுதக் கிடைப்பது.', 'எளிது + தாகும்,எளி + தாகும்,எளிது + ஆகும்,எளிதா + ஆகும்', 'எளிது + ஆகும்', '2024-03-08 08:03:55', '2024-03-08 08:03:55'),
('11106382', 'Cl00062', 'SUB00TAM', 'ஆராயும் அறிவு உடையவர்கள் ………………. சொற்களைப் பேசமாட்டார்.', 'உயர்வான,விலையற்ற,பயன்தராத,பயன்உடைய', 'பயன்தராத', '2024-03-08 05:35:09', '2024-03-08 05:35:09'),
('11637708', 'CL00061', 'SUB00TAM', 'எட்டு + திசை என்பதைச் சேர்த்து எழுதக் கிடைக்கும் சொல் ……………', 'எட்டுத்திசை,எட்டிதிசை,எட்டுதிசை,எட்டிஇசை', 'எட்டுத்திசை', '2024-03-08 05:12:52', '2024-03-08 05:12:52'),
('12154183', 'CL00061', 'SUB00TAM', 'தானே இயங்கும் இயந்திரம் …………..', 'கணினி,தானியங்கி,அலைபேசி,தொலைக்காட்சி', 'தானியங்கி', '2024-03-08 05:18:34', '2024-03-08 05:18:34'),
('13306979', 'CL00061', 'SUB00TAM', '‘செந்தமிழ்’ என்னும் சொல்லைப் பிரித்து எழுதக் கிடைப்பது ………….', 'செந் + தமிழ்,செம் + தமிழ்,சென்மை + தமிழ்,செம்மை + தமிழ்', 'செம்மை + தமிழ்', '2024-03-08 05:10:10', '2024-03-08 05:10:10'),
('13654263', 'CL00063', 'SUB00TAM', 'நூலாடை என்னும் சொல்லைப் பிரித்து எழுதக் கிடைப்பது.', 'நூலா + டை,நூல் + லாடை,நூல் + ஆடை,நூலா + ஆட', 'நூல் + ஆடை', '2024-03-08 07:13:21', '2024-03-08 07:13:21'),
('22559206', 'CL00061', 'SUB00TAM', 'தாய் மொழியில் படித்தால் …………. அடையலாம்.', 'பன்மை,மேன்மை,பொறுமை,சிறுமை', 'மேன்மை', '2024-03-08 05:07:32', '2024-03-08 05:07:32'),
('23151557', 'CL00063', 'SUB00TAM', 'காளிதாசனின் தேனிசைப் பாடல்கள் எதிரொலிக்கும் இடம்.', 'காவிரிக்கரை,வைகைக்கரை,கங்கைக்கரை,யமுனைக்கரை', 'காவிரிக்கரை', '2024-03-08 07:11:52', '2024-03-08 07:11:52'),
('24878111', 'Cl00062', 'SUB00TAM', 'பிறர் நமக்குச் செய்யும் தீங்கைப் பொறுத்துக் கொள்வது ……….. ஆகும்.', 'வம்பு,அமைதி,அடக்கம்,பொறை', 'பொறை', '2024-03-08 05:30:12', '2024-03-08 05:30:12'),
('24903425', 'CL00061', 'SUB00MAT', 'Which of the following letters has horizontal line of symmetry?', 'C,A,J,I', 'A', '2024-03-08 08:14:10', '2024-03-08 08:14:10'),
('25014668', 'Cl00062', 'SUB00TAM', 'இடமெல்லாம் என்னும் சொல்லைப் பிரித்து எழுதக் கிடைப்பது.', 'இடம் + மெல்லாம்,இடம் + எல்லாம்,இட + எல்லாம்,இட + மெல்லாம்', 'இடம் + எல்லாம்', '2024-03-08 05:23:19', '2024-03-08 05:23:19'),
('25403776', 'Cl00062', 'SUB00TAM', 'படிப்பறிவு என்னும் சொல்லைப் பிரித்து எழுதக் கிடைப்பது.', 'படி + அறிவு,படிப்பு + அறிவு,படி + வறிவு,படிப்பு + வறிவு', 'படிப்பு + அறிவு', '2024-03-08 05:28:16', '2024-03-08 05:28:16'),
('28485216', 'CL00063', 'SUB00TAM', 'தேசம் உடுத்திய நூலாடை எனக் கவிஞர் குறிப்பிடும் நூல்.', 'திருவாசகம்,திருக்குறள்,திரிகடுகம்,திருப்பாவை', 'திருக்குறள்', '2024-03-08 07:10:57', '2024-03-08 07:10:57'),
('29524103', 'CL00061', 'SUB00MAT', 'By how much is 19/20 greater then 2/20?', '21/20,21/40,17/20,17/40', '17/20', '2024-03-08 08:13:29', '2024-03-08 08:13:29'),
('30341592', 'Cl00062', 'SUB00TAM', 'குற்றம் + இல்லாதவர் என்பதனைச் சேர்த்து எழுதக் கிடைக்கும் சொல்.', 'குற்றமில்லாதவர்,குற்றம் இல்லாதவர்,குற்றமல்லாதவர்,குற்றம் அல்லாதவர்', 'குற்றமில்லாதவர்', '2024-03-08 05:25:15', '2024-03-08 05:25:15'),
('30779487', 'CL00063', 'SUB00TAM', 'பிற உயிர்களின் …………….. க் கண்டு வருந்துவதே அறிவின் பயனாகும்.', 'மகிழ்வை,செல்வத்தை,துன்பத்தை,பகையை', 'துன்பத்தை', '2024-03-08 08:00:09', '2024-03-08 08:00:09'),
('31644677', 'CL00061', 'SUB00TAM', 'நிலத்தினிடையே என்னும் சொல்லைப் பிரித்து எழுதக் கிடைப்பது …………', 'நிலம் + இடையே,நிலத்தின் + இடையே,நிலத்து + இடையே,நிலத் + திடையே', 'நிலத்தின் + இடையே', '2024-03-08 05:15:45', '2024-03-08 05:15:45'),
('33968733', 'CL00061', 'SUB00TAM', 'நிலவு + என்று என்பதனைச் சேர்த்து எழுதக் கிடைக்கும் சொல் …………', 'நிலயென்று,நிலவென்று,நிலவன்று,நிலவுஎன்று', 'நிலவென்று', '2024-02-29 19:53:20', '2024-02-29 19:53:20'),
('35204092', 'CL00061', 'SUB00MAT', 'The smallest 8 digit number is?', '10 lacks,1 lacks,10 crore,1 crore', '1 crore', '2024-03-08 08:07:42', '2024-03-08 08:07:42'),
('35667216', 'CL00063', 'SUB00TAM', 'ஏழைகளுக்கு உதவி செய்வதே ………………… ஆகும்.', 'பகை,ஈகை,வறுமை,கொடுமை', 'ஈகை', '2024-03-08 07:59:29', '2024-03-08 07:59:29'),
('39414720', 'CL00061', 'SUB00TAM', 'பாட்டு + இருக்கும் என்பதைச் சேர்த்து எழுதக் கிடைக்கும் சொல் …………', 'பாட்டிருக்கும்,பாட்டுருக்கும்,பாடிருக்கும்,பாடியிருக்கும்', 'பாட்டிருக்கும்', '2024-03-08 05:11:53', '2024-03-08 05:11:53'),
('40389431', 'Cl00062', 'SUB00TAM', 'பொருளுடைமை என்னும் சொல்லைப் பிரித்து எழுதக் கிடைப்பது ……………..', 'பொருளுடைமை,பொருளுடைமை,பொருள்+உடைமை,பொருள்+ளுடைமை', 'பொருள்+உடைமை', '2024-03-08 05:35:46', '2024-03-08 05:35:46'),
('42832691', 'Cl00062', 'SUB00TAM', 'பசியின்றி என்னும் சொல்லைப் பிரித்து எழுதக் கிடைப்பது.', 'பசி + இன்றி,பசி + யின்றி,பசு + இன்றி,பசு + யின்றி', 'பசி + இன்றி', '2024-03-08 05:27:31', '2024-03-08 05:27:31'),
('45522834', 'CL00061', 'SUB00TAM', '‘சித்தம்’ என்பதன் பொருள் .………..', 'உள்ளம்,மணம்,குணம்,வனம்', 'உள்ளம்', '2024-03-08 05:14:12', '2024-03-08 05:14:12'),
('46069460', 'Cl00062', 'SUB00TAM', 'மாசற என்னும் சொல்லைப் பிரித்து எழுதக் கிடைப்பது.', 'மாச + அற,மாசு + அற,மாச + உற,மாசு + உற', 'மாசு + அற', '2024-03-08 05:24:01', '2024-03-08 05:24:01'),
('47555697', 'Cl00062', 'SUB00TAM', 'சிறப்பு + உடையார் என்பதனைச் சேர்த்து எழுதக் கிடைக்கும் சொல்.', 'சிறப்பு உடையார்,சிறப்புடையார்,சிறப்படையார்,சிறப்பிடையார்', 'சிறப்புடையார்', '2024-03-08 05:25:59', '2024-03-08 05:25:59'),
('47666832', 'CL00061', 'SUB00MAT', 'Which of these makes a whole', 'One half,Two Halves,3Halves,5 Halves', 'Two Halves', '2024-03-08 08:12:49', '2024-03-08 08:12:49'),
('48503747', 'CL00061', 'SUB00MAT', 'The sum of two odd and one even number is ', 'Even,Prime,Composite,Odd', 'Even', '2024-03-08 08:11:23', '2024-03-08 08:11:23'),
('48800481', 'CL00063', 'SUB00TAM', 'காந்தியடிகள் எந்தப் பெரியவரின் அடிநிழலில் இருந்து தமிழ் கற்க வேண்டும் என்று விரும்பினார்?', 'நாமக்கல் கவிஞர்,திரு.வி.க,உ.வே.சா.,பாரதியார்', 'உ.வே.சா.', '2024-03-08 07:15:34', '2024-03-08 07:15:34'),
('51040748', 'CL00063', 'SUB00TAM', 'காந்தியடிகளிடம் உடை அணிவதில் மாற்றத்தை ஏற்படுத்திய ஊர்.', 'கோவை,சிதம்பரம்,தஞ்சாவூர்,மதுரை', 'மதுரை', '2024-03-08 07:14:52', '2024-03-08 07:14:52'),
('52874119', 'CL00061', 'SUB00MAT', 'The ratio 40cm to 1 m is', '2:5,3:5,4:5,5:2', '2:5', '2024-03-08 08:15:04', '2024-03-08 08:15:04'),
('55572939', 'CL00063', 'SUB00TAM', 'தானென்று என்னும் சொல்லைப் பிரித்து எழுதக் கிடைப்பது …………', 'தானெ+என்று,தான்+என்று,தா+னென்று,தான்+னென்று', 'தான்+என்று', '2024-03-08 07:17:53', '2024-03-08 07:17:53'),
('55636334', 'Cl00062', 'SUB00TAM', 'நன்றியறிதல் என்னும் சொல்லைப் பிரித்து எழுதக் கிடைப்பது .……….', 'நன்றி + யறிதல்,நன்றி + அறிதல்,நன்று + அறிதல்,நன்று + யறிதல்', 'நன்றி + அறிதல்', '2024-03-08 05:32:33', '2024-03-08 05:32:33'),
('55809957', 'CL00061', 'SUB00TAM', 'அமுதென்று’ என்னும் சொல்லைப் பிரித்து எழுதக் கிடைப்பது ……………', 'அமுது + தென்று,அமுது + என்று,அமுது + ஒன்று,அமு + தென்று', 'அமுது + என்று', '2024-02-29 19:55:56', '2024-02-29 19:55:56'),
('56179238', 'Cl00062', 'SUB00TAM', 'காடு + ஆறு என்பதனைச் சேர்த்து எழுதக் கிடைக்கும் சொல்.', 'காட்டாறு,காடாறு,காட்டு ஆறு,காடுஆறு', 'காட்டாறு', '2024-03-08 05:29:05', '2024-03-08 05:29:05'),
('58157587', 'CL00061', 'SUB00TAM', 'நிலா + ஒளி என்பதனைச் சேர்த்து எழுதக் கிடைக்கும் சொல் …………', 'நிலாஒளி,நிலஒளி,நிலாவொளி,நிலவுஒளி', 'நிலாவொளி', '2024-03-08 05:17:06', '2024-03-08 05:17:06'),
('60490331', 'CL00063', 'SUB00TAM', 'உள்ளத்தில் …………….. இல்லாமல் இருப்பதே சிறந்த அறமாகும்.', 'மகிழ்ச்சி,மன்னிப்பு,துணிவு,குற்றம்', 'குற்றம்', '2024-03-08 08:00:46', '2024-03-08 08:00:46'),
('61590885', 'CL00061', 'SUB00MAT', 'The LCM of 12 and 16 is', '32,60,48,None of these', '48', '2024-03-08 08:09:31', '2024-03-08 08:09:31'),
('62587835', 'CL00061', 'SUB00TAM', 'முத்து + சுடர் என்பதனைச் சேர்த்து எழுதக் கிடைக்கும் சொல் ………….', 'முத்துசுடர்,முச்சுடர்,முத்துடர்,முத்துச்சுடர்', 'முத்துச்சுடர்', '2024-03-08 05:16:26', '2024-03-08 05:16:26'),
('65034309', 'Cl00062', 'SUB00TAM', 'விருந்தினரின் முகம் எப்போது வாடும்?', 'நம் முகம் மாறினால்,நம் வீடு மாறினால்,நாம் நான்கு வரவேற்றால்,நம் முகவரி மாறினால்', 'நம் முகம் மாறினால்', '2024-03-08 05:33:57', '2024-03-08 05:33:57'),
('66394536', 'CL00061', 'SUB00TAM', 'செம்பயிர் என்னும் சொல்லைப் பிரித்து எழுதக் கிடைப்பது ………….', 'செம்மை + பயிர்,செம் + பயிர்,செமை + பயிர்,செம்பு + பயிர்', 'செம்மை + பயிர்', '2024-03-08 05:06:32', '2024-03-08 05:06:32'),
('67839307', 'CL00063', 'SUB00TAM', 'பாலையெல்லாம் என்னும் சொல்லைப் பிரித்து எழுதக் கிடைப்பது.', 'பாலை + யெல்லாம்,பாலை + எல்லாம்,பாலை + எலாம்,பா + எல்லாம்', 'பாலை + எல்லாம்', '2024-03-08 08:04:31', '2024-03-08 08:04:31'),
('70032882', 'CL00063', 'SUB00TAM', 'சோம்பல் என்னும் சொல்லுக்குரிய பொருத்தமான எதிர்ச்சொல் …………..', 'அழிவு,துன்பம்,சுறுசுறுப்பு,சோகம்', 'சுறுசுறுப்பு', '2024-03-08 07:58:51', '2024-03-08 07:58:51'),
('73670366', 'CL00061', 'SUB00TAM', 'பொய்யகற்றும் என்னும் சொல்லைப் பிரித்து எழுதக் கிடைப்பது…………..', 'பொய் + அகற்றும்,பொய் + கற்றும்,பொய்ய + கற்றும்,பொய் + யகற்றும்', 'பொய் + அகற்றும்', '2024-03-08 05:11:09', '2024-03-08 05:11:09'),
('74126558', 'CL00061', 'SUB00MAT', 'Which of the following is not a symbol to write roman numbers?', 'D,V,M,N', 'N', '2024-03-08 08:08:43', '2024-03-08 08:08:43'),
('74865203', 'Cl00062', 'SUB00TAM', 'பள்ளிக்கூடம் செல்லாததற்கு ஆடுமேய்க்கும் சிறுவர்கள் கூறிய காரணம்.', 'ஆடு மேய்க்க ஆள் இல்லை,ஊரில் பள்ளிக்கூடம் இல்லை,வழி தெரியவில்லை,பேருந்து வசதியில்லை', 'ஊரில் பள்ளிக்கூடம் இல்லை', '2024-03-08 05:26:50', '2024-03-08 05:26:50'),
('77906681', 'CL00063', 'SUB00TAM', 'இன்புற்று+இருக்க என்பதனைச் சேர்த்து எழுதக் கிடைக்கும் சொல் ……………', 'இன்புற்றிருக்க,இன்புறுறிருக்க,இன்புற்று இருக்க,இன்புறு இருக்க', 'இன்புற்றிருக்க', '2024-03-08 07:17:05', '2024-03-08 07:17:05'),
('81120492', 'CL00061', 'SUB00TAM', 'மாடங்கள் என்பதன் பொருள் மாளிகையின் ………….', 'அடுக்குகள்,கூரை,சாளரம்,வாயில்', 'அடுக்குகள்', '2024-03-08 05:14:59', '2024-03-08 05:14:59'),
('84716234', 'Cl00062', 'SUB00TAM', 'மாணவர்கள் நூல்களை ………….. கற்க வேண்டும்.', 'மேலோட்டமாக,மாசுற,மாசற,மயக்கமுற', 'மாசற', '2024-03-08 05:21:46', '2024-03-08 05:21:46'),
('86100309', 'Cl00062', 'SUB00TAM', 'அறிவு + உடைமை என்பதனைச் சேர்த்து எழுதக் கிடைக்கும் சொல் ……..', 'அறிவுடைமை,அறிவுஉடைமை,அறியுடைமை,அறி உடைமை', 'அறிவுடைமை', '2024-03-08 05:30:56', '2024-03-08 05:30:56'),
('86737440', 'CL00061', 'SUB00TAM', 'ஏற்றத் தாழ்வற்ற …………….. அமைய வேண்டும்.', 'சமூகம்,நாடு,வீடு,தெரு', 'சமூகம்', '2024-02-29 19:48:56', '2024-02-29 19:48:56'),
('88803223', 'CL00061', 'SUB00TAM', 'தகவல் தொடர்பு முன்னேற்றத்தால் …………… சுருங்கிவிட்டது.', 'மேதினி,நிலா,வானம்,காற்று', 'வானம்', '2024-03-08 05:08:53', '2024-03-08 05:09:11'),
('88950694', 'CL00063', 'SUB00TAM', 'புத்தரின் வரலாற்றைக் கூறும் நூல்.', 'ஜீவ ஜோதி,ஆசிய ஜோதி,நவ ஜோதி,ஜீவன் ஜோதி', 'ஆசிய ஜோதி', '2024-03-08 08:01:26', '2024-03-08 08:01:26'),
('90648960', 'CL00061', 'SUB00MAT', 'What are the Numbers which have more than two factors called?', 'Even Number,Prime Number,Composite number,Odd number', 'Composite number', '2024-03-08 08:10:37', '2024-03-08 08:10:37'),
('91206063', 'Cl00062', 'SUB00TAM', 'நிலையான செல்வம் …………………..', 'தங்கம்,பணம்,ஊக்கம்,ஏக்கம்', 'ஊக்கம்', '2024-03-08 05:34:30', '2024-03-08 05:34:30'),
('93136248', 'CL00063', 'SUB00TAM', 'இனிமை + உயிர் என்பதனைச் சேர்த்து எழுதக் கிடைக்கும் சொல்.', 'இன்உயிர்,இனிய உயிர்,இன்னுயிர்,இனிமைஉயிர்', 'இன்னுயிர்', '2024-03-08 08:05:22', '2024-03-08 08:05:22'),
('94681491', 'CL00061', 'SUB00TAM', 'தமிழ் + எங்கள் என்பதனைச் சேர்த்து எழுதக் கிடைக்கும் சொல் …….', 'தமிழங்கள்,தமிழங்கள்,தமிழெங்கள்,தமிழ் எங்கள்', 'தமிழெங்கள்', '2024-02-29 19:54:25', '2024-03-07 17:42:33'),
('95477145', 'CL00061', 'SUB00TAM', '‘கிணறு’ என்பதைக் குறிக்கும் சொல் ………..', 'ஏரி,கேணி,குளம்,ஆறு', 'கேணி', '2024-03-08 05:13:29', '2024-03-08 05:13:29'),
('96755217', 'Cl00062', 'SUB00TAM', 'பயன் + இலா என்பதனைச் சேர்த்து எழுதக் கிடைக்கும் சொல் …………..', 'பயனிலா,பயன்னில்லா,பயன் இலா,பயன் இல்லா', 'பயனிலா', '2024-03-08 05:36:38', '2024-03-08 05:36:38'),
('96838986', 'CL00063', 'SUB00TAM', 'தம் + உயிர் என்பதனைச் சேர்த்து எழுதக் கிடைக்கும் சொல் ………….', 'தம்முயிர்,தமதுயிர்,தம்உயிர்,தம்முஉயிர்', 'தம்முயிர்', '2024-03-08 07:16:11', '2024-03-08 07:16:11'),
('98126419', 'CL00063', 'SUB00TAM', 'ஒருவர் செய்யக் கூடாதது ?', 'நல்வினை,தீவினை,பிறவினை,தன்வினை', 'தீவினை', '2024-03-08 08:03:09', '2024-03-08 08:03:09'),
('98851080', 'Cl00062', 'SUB00TAM', 'பொறையுடைமை என்னும் சொல்லைப் பிரித்து எழுதக் கிடைப்பது ………………….', 'பொறுமை + உடைமை,பொறை + யுடைமை,பொறு + யுடைமை,பொறை + உடைமை', 'பொறை + உடைமை', '2024-03-08 05:33:15', '2024-03-08 05:33:15'),
('98948773', 'CL00061', 'SUB00MAT', 'The Number which is divisible by 5 is', '422,423,424,425', '425', '2024-03-08 08:12:00', '2024-03-08 08:12:00'),
('99606663', 'CL00061', 'SUB00TAM', 'நாள் முழுவதும் வேலை செய்து களைத்தவர்க்கு ………….. ஆக இருக்கும்.', 'மகிழ்ச்சி,கோபம்,வருத்தம்,அசதி', 'அசதி', '2024-02-29 19:52:32', '2024-02-29 19:52:32');

-- --------------------------------------------------------

--
-- Table structure for table `results`
--

CREATE TABLE `results` (
  `quizid` varchar(50) NOT NULL,
  `classid` varchar(50) NOT NULL,
  `subjectid` varchar(50) NOT NULL,
  `username` varchar(50) NOT NULL,
  `result` int(10) NOT NULL,
  `date` timestamp NOT NULL DEFAULT current_timestamp()
) ENGINE=InnoDB DEFAULT CHARSET=utf8 COLLATE=utf8_general_ci;

--
-- Dumping data for table `results`
--

INSERT INTO `results` (`quizid`, `classid`, `subjectid`, `username`, `result`, `date`) VALUES
('27184847', 'CL00061', 'SUB00TAM', 'test', 2, '2024-03-07 18:23:50'),
('23535852', 'CL00061', 'SUB00TAM', 't11', 3, '2024-03-07 18:34:12'),
('27059441', 'CL00061', 'SUB00TAM', 'test', 20, '2024-03-08 05:20:05'),
('31411728', 'Cl00062', 'SUB00TAM', 'test', 19, '2024-03-08 06:00:51'),
('89778982', 'Cl00062', 'SUB00TAM', 'test', 15, '2024-03-08 06:55:57'),
('68465926', 'Cl00062', 'SUB00TAM', 'test', 3, '2024-03-08 07:02:40'),
('05350513', 'Cl00062', 'SUB00TAM', 'test', 8, '2024-03-08 07:03:00'),
('49621188', 'Cl00062', 'SUB00TAM', 'test', 8, '2024-03-08 07:03:08'),
('91739868', 'Cl00062', 'SUB00TAM', 'test', 19, '2024-03-08 07:05:42'),
('92655851', 'CL00061', 'SUB00TAM', 'test', 16, '2024-03-08 08:25:39'),
('13782914', 'CL00061', 'SUB00TAM', 'test', 16, '2024-03-08 08:25:56'),
('92526256', 'CL00061', 'SUB00TAM', 'test', 16, '2024-03-08 08:26:31'),
('66353685', 'CL00061', 'SUB00TAM', 'test', 16, '2024-03-08 08:28:04'),
('96596844', 'CL00061', 'SUB00TAM', 'test', 16, '2024-03-08 08:28:07'),
('27596591', 'CL00061', 'SUB00TAM', 'test', 15, '2024-03-08 08:29:12'),
('00236360', 'CL00061', 'SUB00TAM', 'test', 15, '2024-03-08 08:29:59'),
('86810686', 'CL00061', 'SUB00TAM', 'test', 15, '2024-03-08 08:30:07'),
('19928653', 'CL00061', 'SUB00TAM', 'test', 15, '2024-03-08 08:31:16'),
('28435501', 'CL00061', 'SUB00TAM', 'test', 15, '2024-03-08 08:31:20'),
('05761345', 'CL00061', 'SUB00TAM', 'test', 15, '2024-03-08 08:31:35'),
('59328925', 'CL00061', 'SUB00TAM', 'test', 15, '2024-03-08 08:32:28'),
('05296730', 'CL00061', 'SUB00TAM', 'test', 15, '2024-03-08 08:42:35'),
('07041388', 'CL00061', 'SUB00TAM', 'test', 15, '2024-03-08 08:44:45'),
('17053718', 'CL00061', 'SUB00TAM', 'test', 15, '2024-03-08 08:45:00'),
('07463824', 'CL00061', 'SUB00TAM', 'test', 15, '2024-03-08 08:45:20'),
('42033541', 'CL00061', 'SUB00TAM', 'test', 15, '2024-03-08 08:45:28'),
('05035149', 'CL00061', 'SUB00TAM', 'test', 0, '2024-03-08 08:45:50'),
('89921098', 'CL00061', 'SUB00TAM', 'test', 0, '2024-03-08 08:46:34'),
('34514757', 'CL00061', 'SUB00TAM', 'test', 0, '2024-03-08 08:48:40'),
('97219901', 'CL00061', 'SUB00TAM', 'test', 0, '2024-03-08 08:50:00'),
('83484467', 'CL00061', 'SUB00TAM', 'test', 0, '2024-03-08 08:51:17'),
('94481856', 'CL00061', 'SUB00TAM', 'test', 7, '2024-03-08 08:52:26'),
('19124637', 'CL00061', 'SUB00TAM', 'test', 19, '2024-03-08 08:53:33'),
('41237213', 'CL00061', 'SUB00TAM', 'test', 19, '2024-03-08 08:56:57'),
('08189707', 'CL00061', 'SUB00TAM', 'test', 19, '2024-03-08 08:58:09'),
('73571654', 'CL00061', 'SUB00TAM', 'test', 19, '2024-03-08 08:58:12'),
('81984088', 'CL00061', 'SUB00TAM', 'test', 19, '2024-03-08 08:59:15'),
('72194509', 'CL00061', 'SUB00TAM', 'test', 19, '2024-03-08 09:00:06'),
('35869830', 'CL00061', 'SUB00TAM', 'test', 19, '2024-03-08 09:01:33'),
('64248816', 'CL00061', 'SUB00TAM', 'test', 19, '2024-03-08 09:01:56'),
('78524481', 'CL00061', 'SUB00TAM', 'test', 19, '2024-03-08 09:03:01'),
('92472992', 'CL00061', 'SUB00TAM', 'test', 19, '2024-03-08 09:04:49'),
('05842768', 'CL00061', 'SUB00TAM', 'test', 19, '2024-03-08 09:05:26'),
('99946008', 'CL00061', 'SUB00TAM', 'test', 19, '2024-03-08 09:05:33'),
('33345725', 'CL00061', 'SUB00TAM', 'test', 19, '2024-03-08 09:05:45'),
('49803442', 'CL00061', 'SUB00TAM', 'test', 19, '2024-03-08 09:05:49'),
('93889147', 'CL00061', 'SUB00TAM', 'test', 19, '2024-03-08 09:06:09'),
('48705517', 'CL00061', 'SUB00TAM', 'test', 19, '2024-03-08 09:06:36'),
('33421697', 'CL00061', 'SUB00TAM', 'test', 19, '2024-03-08 09:06:43'),
('36093723', 'CL00061', 'SUB00TAM', 'test', 19, '2024-03-08 09:07:23'),
('19920226', 'CL00061', 'SUB00TAM', 'test', 19, '2024-03-08 09:09:57'),
('20561113', 'CL00061', 'SUB00TAM', 'test', 19, '2024-03-08 09:11:36'),
('73329858', 'CL00061', 'SUB00TAM', 'test', 19, '2024-03-08 09:12:01'),
('17588632', 'CL00061', 'SUB00TAM', 'test', 19, '2024-03-08 09:17:06'),
('64747000', 'CL00061', 'SUB00TAM', 'test', 0, '2024-03-08 09:17:34'),
('67890815', 'CL00061', 'SUB00TAM', 'test', 9, '2024-03-08 09:18:26'),
('86113790', 'CL00061', 'SUB00TAM', 'test', 18, '2024-03-08 09:22:06');

-- --------------------------------------------------------

--
-- Table structure for table `subjects`
--

CREATE TABLE `subjects` (
  `subjectid` varchar(10) NOT NULL,
  `subject` varchar(50) NOT NULL
) ENGINE=InnoDB DEFAULT CHARSET=utf8 COLLATE=utf8_general_ci;

--
-- Dumping data for table `subjects`
--

INSERT INTO `subjects` (`subjectid`, `subject`) VALUES
('SUB00ENG', 'ENGLISH'),
('SUB00MAT', 'MATHS'),
('SUB00SCI', 'SCIENCE'),
('SUB00SOC', 'SOCIAL SCIENCE'),
('SUB00TAM', 'TAMIL');

-- --------------------------------------------------------

--
-- Table structure for table `terms`
--

CREATE TABLE `terms` (
  `termid` varchar(10) NOT NULL,
  `termname` varchar(30) NOT NULL
) ENGINE=InnoDB DEFAULT CHARSET=utf8 COLLATE=utf8_general_ci;

--
-- Dumping data for table `terms`
--

INSERT INTO `terms` (`termid`, `termname`) VALUES
('NT', 'NO TERM'),
('T1', 'TERM 1'),
('T2', 'TERM 2'),
('T3', 'TERM 3');

-- --------------------------------------------------------

--
-- Table structure for table `users`
--

CREATE TABLE `users` (
  `userid` varchar(20) NOT NULL,
  `username` varchar(50) NOT NULL,
  `email` varchar(50) NOT NULL,
  `mobileno` int(15) NOT NULL,
  `gender` varchar(10) NOT NULL,
  `password` varchar(255) NOT NULL
) ENGINE=InnoDB DEFAULT CHARSET=utf8 COLLATE=utf8_general_ci;

--
-- Dumping data for table `users`
--

INSERT INTO `users` (`userid`, `username`, `email`, `mobileno`, `gender`, `password`) VALUES
('88116820', 't11', 't11@gmail.com', 1231231232, 'Male', '$2y$10$HIhzkRJhYB5DSSiuVr7twOtKJrIBuS6TEUG6s943ypZP/bhbvyuvK'),
('33225550', 't12', 't12@gmail.com', 21212121, 'Female', '$2y$10$B3MP36EmytNvlgxqCqHhNe4Nd227AVTBHGKexs.VG7GEuoHvZc84S'),
('24886887', 't4', 't4@gmail.com', 1234123489, 'Female', '$2y$10$iXNQRn1ZfYBdpEncmYwVKORB1mWjIPCMSXRg4seZyI5sm5TKijNLa'),
('88287202', 'test', 'test@gmail.com', 1234567890, 'Male', '$2y$10$Tew2O8.oU2jovNuwPX7QSOV1yD869vNJbyqcBtYRQsO29NkmSlkbi');

--
-- Indexes for dumped tables
--

--
-- Indexes for table `admins`
--
ALTER TABLE `admins`
  ADD PRIMARY KEY (`username`);

--
-- Indexes for table `class`
--
ALTER TABLE `class`
  ADD PRIMARY KEY (`classid`);

--
-- Indexes for table `questions`
--
ALTER TABLE `questions`
  ADD PRIMARY KEY (`qid`);

--
-- Indexes for table `subjects`
--
ALTER TABLE `subjects`
  ADD PRIMARY KEY (`subjectid`);

--
-- Indexes for table `terms`
--
ALTER TABLE `terms`
  ADD PRIMARY KEY (`termid`);

--
-- Indexes for table `users`
--
ALTER TABLE `users`
  ADD PRIMARY KEY (`username`);
COMMIT;

/*!40101 SET CHARACTER_SET_CLIENT=@OLD_CHARACTER_SET_CLIENT */;
/*!40101 SET CHARACTER_SET_RESULTS=@OLD_CHARACTER_SET_RESULTS */;
/*!40101 SET COLLATION_CONNECTION=@OLD_COLLATION_CONNECTION */;
